key,rakuten_url
netuki_1_rakuten,https://hb.afl.rakuten.co.jp/ichiba/513bf9dd.3f872826.513bf9de.b7b269d1/?pc=https%3A%2F%2Fitem.rakuten.co.jp%2Fleapgrow%2Fmt-e003%2F&link_type=picttext&ut=eyJwYWdlIjoiaXRlbSIsInR5cGUiOiJwaWN0dGV4dCIsInNpemUiOiIyNDB4MjQwIiwibmFtIjoxLCJuYW1wIjoicmlnaHQiLCJjb20iOjEsImNvbXAiOiJkb3duIiwicHJpY2UiOjEsImJvciI6MSwiY29sIjoxLCJiYnRuIjoxLCJwcm9kIjowLCJhbXAiOmZhbHNlfQ%3D%3D
netuki_2_rakuten,https://hb.afl.rakuten.co.jp/ichiba/513c2f7f.8dc4c226.513c2f80.a9f2b640/?pc=https%3A%2F%2Fitem.rakuten.co.jp%2Ffos-t%2Fb0dvykrpyh%2F&link_type=picttext&ut=eyJwYWdlIjoiaXRlbSIsInR5cGUiOiJwaWN0dGV4dCIsInNpemUiOiIyNDB4MjQwIiwibmFtIjoxLCJuYW1wIjoicmlnaHQiLCJjb20iOjEsImNvbXAiOiJkb3duIiwicHJpY2UiOjEsImJvciI6MSwiY29sIjoxLCJiYnRuIjoxLCJwcm9kIjowLCJhbXAiOmZhbHNlfQ%3D%3D
netuki_3_rakuten,https://hb.afl.rakuten.co.jp/ichiba/513c315a.fe3ef6fd.513c315b.742d32a7/?pc=https%3A%2F%2Fitem.rakuten.co.jp%2Fisei-shop%2Fnoisemachine-d3pro%2F&link_type=picttext&ut=eyJwYWdlIjoiaXRlbSIsInR5cGUiOiJwaWN0dGV4dCIsInNpemUiOiIyNDB4MjQwIiwibmFtIjoxLCJuYW1wIjoicmlnaHQiLCJjb20iOjEsImNvbXAiOiJkb3duIiwicHJpY2UiOjEsImJvciI6MSwiY29sIjoxLCJiYnRuIjoxLCJwcm9kIjowLCJhbXAiOmZhbHNlfQ%3D%3D
tochukakusei_1_rakuten,https://hb.afl.rakuten.co.jp/ichiba/513cce9b.2db1e8a4.513cce9c.425a7247/?pc=https%3A%2F%2Fitem.rakuten.co.jp%2Ftansu%2F86500027%2F&link_type=picttext&ut=eyJwYWdlIjoiaXRlbSIsInR5cGUiOiJwaWN0dGV4dCIsInNpemUiOiIyNDB4MjQwIiwibmFtIjoxLCJuYW1wIjoicmlnaHQiLCJjb20iOjEsImNvbXAiOiJkb3duIiwicHJpY2UiOjEsImJvciI6MSwiY29sIjoxLCJiYnRuIjoxLCJwcm9kIjowLCJhbXAiOmZhbHNlfQ%3D%3D
tochukakusei_2_rakuten,https://hb.afl.rakuten.co.jp/ichiba/513c2f7f.8dc4c226.513c2f80.a9f2b640/?pc=https%3A%2F%2Fitem.rakuten.co.jp%2Ffos-t%2Fb0dvykrpyh%2F&link_type=picttext&ut=eyJwYWdlIjoiaXRlbSIsInR5cGUiOiJwaWN0dGV4dCIsInNpemUiOiIyNDB4MjQwIiwibmFtIjoxLCJuYW1wIjoicmlnaHQiLCJjb20iOjEsImNvbXAiOiJkb3duIiwicHJpY2UiOjEsImJvciI6MSwiY29sIjoxLCJiYnRuIjoxLCJwcm9kIjowLCJhbXAiOmZhbHNlfQ%3D%3D
tochukakusei_3_rakuten,https://hb.afl.rakuten.co.jp/ichiba/513cd357.4926511c.513cd358.0f6b3fd7/?pc=https%3A%2F%2Fitem.rakuten.co.jp%2Ffuwawa01%2F986153%2F&link_type=picttext&ut=eyJwYWdlIjoiaXRlbSIsInR5cGUiOiJwaWN0dGV4dCIsInNpemUiOiIyNDB4MjQwIiwibmFtIjoxLCJuYW1wIjoicmlnaHQiLCJjb20iOjEsImNvbXAiOiJkb3duIiwicHJpY2UiOjEsImJvciI6MSwiY29sIjoxLCJiYnRuIjoxLCJwcm9kIjowLCJhbXAiOmZhbHNlfQ%3D%3D
asa_1_rakuten,https://hb.afl.rakuten.co.jp/ichiba/513ed5d0.efcd2917.513ed5d1.02316be9/?pc=https%3A%2F%2Fitem.rakuten.co.jp%2Fsouplesse%2Fsouplesse-00538%2F&link_type=picttext&ut=eyJwYWdlIjoiaXRlbSIsInR5cGUiOiJwaWN0dGV4dCIsInNpemUiOiIyNDB4MjQwIiwibmFtIjoxLCJuYW1wIjoicmlnaHQiLCJjb20iOjEsImNvbXAiOiJkb3duIiwicHJpY2UiOjEsImJvciI6MSwiY29sIjoxLCJiYnRuIjoxLCJwcm9kIjowLCJhbXAiOmZhbHNlfQ%3D%3D
asa_2_rakuten,https://hb.afl.rakuten.co.jp/ichiba/513ed69b.153dd3c6.513ed69c.3b3d07a9/?pc=https%3A%2F%2Fitem.rakuten.co.jp%2Fhearttoheart001%2Fn-25-05%2F&link_type=picttext&ut=eyJwYWdlIjoiaXRlbSIsInR5cGUiOiJwaWN0dGV4dCIsInNpemUiOiIyNDB4MjQwIiwibmFtIjoxLCJuYW1wIjoicmlnaHQiLCJjb20iOjEsImNvbXAiOiJkb3duIiwicHJpY2UiOjEsImJvciI6MSwiY29sIjoxLCJiYnRuIjoxLCJwcm9kIjowLCJhbXAiOmZhbHNlfQ%3D%3D
asa_3_rakuten,https://hb.afl.rakuten.co.jp/ichiba/513ed8ee.100179ec.513ed8ef.4aacd3b0/?pc=https%3A%2F%2Fitem.rakuten.co.jp%2Fswitchbot%2F10000043%2F&link_type=picttext&ut=eyJwYWdlIjoiaXRlbSIsInR5cGUiOiJwaWN0dGV4dCIsInNpemUiOiIxMDB4MTAwIiwibmFtIjoxLCJuYW1wIjoicmlnaHQiLCJjb20iOjEsImNvbXAiOiJkb3duIiwicHJpY2UiOjEsImJvciI6MSwiY29sIjoxLCJiYnRuIjoxLCJwcm9kIjowLCJhbXAiOmZhbHNlfQ%3D%3D
hiru_1_rakuten,
hiru_2_rakuten,
hiru_3_rakuten,
